Atlanta, GA
Austin, TX
Baltimore, MD
Baton Rouge, LA
Birmingham, AL
Boston, MA
Bridgeport, CT
Charlotte, NC
Chicago, IL
Columbia, SC
Dallas, TX
Denver, CO
Detroit, MI
Fort Lauderdale, FL
Hampton Roads, VA
Hartford, CT
Houston, TX
Jackson, MI
Jacksonville, FL
Las Vegas, NV
Los Angeles, CA
Memphis, TN
Miami, FL
Milwaukee, WI
Nashville, TN
Newark, NJ
New Haven, CT
New Orleans, LA
New York City, NY
Oakland & Alameda, CA
​Orlando, FL
Philadelphia, PA
Raleigh, NC​
Richmond, VA
San Diego, CA
San Francisco, CA
San Juan, PR
Seattle, WA
Tampa, FL
Washington, DC
West Palm Beach, FL
